<Events><Event><System><Provider Name="ZipFS"/><EventID>0</EventID><Level>1</Level><Task>0</Task><Keywords>Keywords</Keywords><TimeCreated SystemTime="2025-07-28T02:14:27Z"/><EventRecordID>881788765</EventRecordID><Channel>Application</Channel><Computer>dw0sdwk0001WG</Computer><Security/></System><EventData><Data>Failed to open siteversion.txt. ZipFS setup failed. Error: 0x80070002</Data></EventData></Event><Event><System><Provider Name="ZipFS"/><EventID>0</EventID><Level>1</Level><Task>0</Task><Keywords>Keywords</Keywords><TimeCreated SystemTime="2025-07-28T02:14:54Z"/><EventRecordID>881815937</EventRecordID><Channel>Application</Channel><Computer>dw0sdwk0001WG</Computer><Security/></System><EventData><Data>Failed to open siteversion.txt. ZipFS setup failed. Error: 0x80070002</Data></EventData></Event><Event><System><Provider Name="ZipFS"/><EventID>0</EventID><Level>1</Level><Task>0</Task><Keywords>Keywords</Keywords><TimeCreated SystemTime="2025-07-28T02:15:27Z"/><EventRecordID>881848765</EventRecordID><Channel>Application</Channel><Computer>dw0sdwk0001WG</Computer><Security/></System><EventData><Data>Failed to open siteversion.txt. ZipFS setup failed. Error: 0x80070002</Data></EventData></Event><Event><System><Provider Name="ZipFS"/><EventID>0</EventID><Level>1</Level><Task>0</Task><Keywords>Keywords</Keywords><TimeCreated SystemTime="2025-07-28T02:15:54Z"/><EventRecordID>881875953</EventRecordID><Channel>Application</Channel><Computer>dw0sdwk0001WG</Computer><Security/></System><EventData><Data>Failed to open siteversion.txt. ZipFS setup failed. Error: 0x80070002</Data></EventData></Event><Event><System><Provider Name="ZipFS"/><EventID>0</EventID><Level>1</Level><Task>0</Task><Keywords>Keywords</Keywords><TimeCreated SystemTime="2025-07-28T02:16:27Z"/><EventRecordID>881908796</EventRecordID><Channel>Application</Channel><Computer>dw0sdwk0001WG</Computer><Security/></System><EventData><Data>Failed to open siteversion.txt. ZipFS setup failed. Error: 0x80070002</Data></EventData></Event><Event><System><Provider Name="ZipFS"/><EventID>0</EventID><Level>1</Level><Task>0</Task><Keywords>Keywords</Keywords><TimeCreated SystemTime="2025-07-28T02:16:54Z"/><EventRecordID>881935953</EventRecordID><Channel>Application</Channel><Computer>dw0sdwk0001WG</Computer><Security/></System><EventData><Data>Failed to open siteversion.txt. ZipFS setup failed. Error: 0x80070002</Data></EventData></Event><Event><System><Provider Name="ZipFS"/><EventID>0</EventID><Level>1</Level><Task>0</Task><Keywords>Keywords</Keywords><TimeCreated SystemTime="2025-07-28T02:17:27Z"/><EventRecordID>881968812</EventRecordID><Channel>Application</Channel><Computer>dw0sdwk0001WG</Computer><Security/></System><EventData><Data>Failed to open siteversion.txt. ZipFS setup failed. Error: 0x80070002</Data></EventData></Event><Event><System><Provider Name="ZipFS"/><EventID>0</EventID><Level>1</Level><Task>0</Task><Keywords>Keywords</Keywords><TimeCreated SystemTime="2025-07-28T02:17:54Z"/><EventRecordID>881996015</EventRecordID><Channel>Application</Channel><Computer>dw0sdwk0001WG</Computer><Security/></System><EventData><Data>Failed to open siteversion.txt. ZipFS setup failed. Error: 0x80070002</Data></EventData></Event><Event><System><Provider Name="ZipFS"/><EventID>0</EventID><Level>1</Level><Task>0</Task><Keywords>Keywords</Keywords><TimeCreated SystemTime="2025-07-28T02:18:27Z"/><EventRecordID>882028828</EventRecordID><Channel>Application</Channel><Computer>dw0sdwk0001WG</Computer><Security/></System><EventData><Data>Failed to open siteversion.txt. ZipFS setup failed. Error: 0x80070002</Data></EventData></Event><Event><System><Provider Name="ZipFS"/><EventID>0</EventID><Level>1</Level><Task>0</Task><Keywords>Keywords</Keywords><TimeCreated SystemTime="2025-07-28T02:18:54Z"/><EventRecordID>882056015</EventRecordID><Channel>Application</Channel><Computer>dw0sdwk0001WG</Computer><Security/></System><EventData><Data>Failed to open siteversion.txt. ZipFS setup failed. Error: 0x80070002</Data></EventData></Event><Event><System><Provider Name="ZipFS"/><EventID>0</EventID><Level>1</Level><Task>0</Task><Keywords>Keywords</Keywords><TimeCreated SystemTime="2025-07-28T02:19:27Z"/><EventRecordID>882088828</EventRecordID><Channel>Application</Channel><Computer>dw0sdwk0001WG</Computer><Security/></System><EventData><Data>Failed to open siteversion.txt. ZipFS setup failed. Error: 0x80070002</Data></EventData></Event><Event><System><Provider Name="ZipFS"/><EventID>0</EventID><Level>1</Level><Task>0</Task><Keywords>Keywords</Keywords><TimeCreated SystemTime="2025-07-28T02:19:54Z"/><EventRecordID>882116015</EventRecordID><Channel>Application</Channel><Computer>dw0sdwk0001WG</Computer><Security/></System><EventData><Data>Failed to open siteversion.txt. ZipFS setup failed. Error: 0x80070002</Data></EventData></Event><Event><System><Provider Name="ZipFS"/><EventID>0</EventID><Level>1</Level><Task>0</Task><Keywords>Keywords</Keywords><TimeCreated SystemTime="2025-07-28T02:20:27Z"/><EventRecordID>882148828</EventRecordID><Channel>Application</Channel><Computer>dw0sdwk0001WG</Computer><Security/></System><EventData><Data>Failed to open siteversion.txt. ZipFS setup failed. Error: 0x80070002</Data></EventData></Event><Event><System><Provider Name="ZipFS"/><EventID>0</EventID><Level>1</Level><Task>0</Task><Keywords>Keywords</Keywords><TimeCreated SystemTime="2025-07-28T02:20:54Z"/><EventRecordID>882176031</EventRecordID><Channel>Application</Channel><Computer>dw0sdwk0001WG</Computer><Security/></System><EventData><Data>Failed to open siteversion.txt. ZipFS setup failed. Error: 0x80070002</Data></EventData></Event><Event><System><Provider Name="ZipFS"/><EventID>0</EventID><Level>1</Level><Task>0</Task><Keywords>Keywords</Keywords><TimeCreated SystemTime="2025-07-28T02:21:27Z"/><EventRecordID>882208843</EventRecordID><Channel>Application</Channel><Computer>dw0sdwk0001WG</Computer><Security/></System><EventData><Data>Failed to open siteversion.txt. ZipFS setup failed. Error: 0x80070002</Data></EventData></Event><Event><System><Provider Name="ZipFS"/><EventID>0</EventID><Level>1</Level><Task>0</Task><Keywords>Keywords</Keywords><TimeCreated SystemTime="2025-07-28T02:21:54Z"/><EventRecordID>882236046</EventRecordID><Channel>Application</Channel><Computer>dw0sdwk0001WG</Computer><Security/></System><EventData><Data>Failed to open siteversion.txt. ZipFS setup failed. Error: 0x80070002</Data></EventData></Event><Event><System><Provider Name="ZipFS"/><EventID>0</EventID><Level>1</Level><Task>0</Task><Keywords>Keywords</Keywords><TimeCreated SystemTime="2025-07-28T02:22:27Z"/><EventRecordID>882268843</EventRecordID><Channel>Application</Channel><Computer>dw0sdwk0001WG</Computer><Security/></System><EventData><Data>Failed to open siteversion.txt. ZipFS setup failed. Error: 0x80070002</Data></EventData></Event><Event><System><Provider Name="ZipFS"/><EventID>0</EventID><Level>1</Level><Task>0</Task><Keywords>Keywords</Keywords><TimeCreated SystemTime="2025-07-28T02:22:54Z"/><EventRecordID>882296046</EventRecordID><Channel>Application</Channel><Computer>dw0sdwk0001WG</Computer><Security/></System><EventData><Data>Failed to open siteversion.txt. ZipFS setup failed. Error: 0x80070002</Data></EventData></Event><Event><System><Provider Name="ZipFS"/><EventID>0</EventID><Level>1</Level><Task>0</Task><Keywords>Keywords</Keywords><TimeCreated SystemTime="2025-07-28T02:23:27Z"/><EventRecordID>882328843</EventRecordID><Channel>Application</Channel><Computer>dw0sdwk0001WG</Computer><Security/></System><EventData><Data>Failed to open siteversion.txt. ZipFS setup failed. Error: 0x80070002</Data></EventData></Event><Event><System><Provider Name="ZipFS"/><EventID>0</EventID><Level>1</Level><Task>0</Task><Keywords>Keywords</Keywords><TimeCreated SystemTime="2025-07-28T02:23:54Z"/><EventRecordID>882356062</EventRecordID><Channel>Application</Channel><Computer>dw0sdwk0001WG</Computer><Security/></System><EventData><Data>Failed to open siteversion.txt. ZipFS setup failed. Error: 0x80070002</Data></EventData></Event><Event><System><Provider Name="ZipFS"/><EventID>0</EventID><Level>1</Level><Task>0</Task><Keywords>Keywords</Keywords><TimeCreated SystemTime="2025-07-28T02:24:27Z"/><EventRecordID>882388890</EventRecordID><Channel>Application</Channel><Computer>dw0sdwk0001WG</Computer><Security/></System><EventData><Data>Failed to open siteversion.txt. ZipFS setup failed. Error: 0x80070002</Data></EventData></Event><Event><System><Provider Name="ZipFS"/><EventID>0</EventID><Level>1</Level><Task>0</Task><Keywords>Keywords</Keywords><TimeCreated SystemTime="2025-07-28T02:24:54Z"/><EventRecordID>882416062</EventRecordID><Channel>Application</Channel><Computer>dw0sdwk0001WG</Computer><Security/></System><EventData><Data>Failed to open siteversion.txt. ZipFS setup failed. Error: 0x80070002</Data></EventData></Event><Event><System><Provider Name="ZipFS"/><EventID>0</EventID><Level>1</Level><Task>0</Task><Keywords>Keywords</Keywords><TimeCreated SystemTime="2025-07-28T02:25:27Z"/><EventRecordID>882448906</EventRecordID><Channel>Application</Channel><Computer>dw0sdwk0001WG</Computer><Security/></System><EventData><Data>Failed to open siteversion.txt. ZipFS setup failed. Error: 0x80070002</Data></EventData></Event><Event><System><Provider Name="ZipFS"/><EventID>0</EventID><Level>1</Level><Task>0</Task><Keywords>Keywords</Keywords><TimeCreated SystemTime="2025-07-28T02:25:54Z"/><EventRecordID>882476078</EventRecordID><Channel>Application</Channel><Computer>dw0sdwk0001WG</Computer><Security/></System><EventData><Data>Failed to open siteversion.txt. ZipFS setup failed. Error: 0x80070002</Data></EventData></Event><Event><System><Provider Name="ZipFS"/><EventID>0</EventID><Level>1</Level><Task>0</Task><Keywords>Keywords</Keywords><TimeCreated SystemTime="2025-07-28T02:26:27Z"/><EventRecordID>882508906</EventRecordID><Channel>Application</Channel><Computer>dw0sdwk0001WG</Computer><Security/></System><EventData><Data>Failed to open siteversion.txt. ZipFS setup failed. Error: 0x80070002</Data></EventData></Event><Event><System><Provider Name="ZipFS"/><EventID>0</EventID><Level>1</Level><Task>0</Task><Keywords>Keywords</Keywords><TimeCreated SystemTime="2025-07-28T02:26:54Z"/><EventRecordID>882536078</EventRecordID><Channel>Application</Channel><Computer>dw0sdwk0001WG</Computer><Security/></System><EventData><Data>Failed to open siteversion.txt. ZipFS setup failed. Error: 0x80070002</Data></EventData></Event><Event><System><Provider Name="ZipFS"/><EventID>0</EventID><Level>1</Level><Task>0</Task><Keywords>Keywords</Keywords><TimeCreated SystemTime="2025-07-28T02:27:27Z"/><EventRecordID>882568906</EventRecordID><Channel>Application</Channel><Computer>dw0sdwk0001WG</Computer><Security/></System><EventData><Data>Failed to open siteversion.txt. ZipFS setup failed. Error: 0x80070002</Data></EventData></Event><Event><System><Provider Name="ZipFS"/><EventID>0</EventID><Level>1</Level><Task>0</Task><Keywords>Keywords</Keywords><TimeCreated SystemTime="2025-07-28T02:27:54Z"/><EventRecordID>882596093</EventRecordID><Channel>Application</Channel><Computer>dw0sdwk0001WG</Computer><Security/></System><EventData><Data>Failed to open siteversion.txt. ZipFS setup failed. Error: 0x80070002</Data></EventData></Event><Event><System><Provider Name="ZipFS"/><EventID>0</EventID><Level>1</Level><Task>0</Task><Keywords>Keywords</Keywords><TimeCreated SystemTime="2025-07-28T02:28:27Z"/><EventRecordID>882629250</EventRecordID><Channel>Application</Channel><Computer>dw0sdwk0001WG</Computer><Security/></System><EventData><Data>Failed to open siteversion.txt. ZipFS setup failed. Error: 0x80070002</Data></EventData></Event><Event><System><Provider Name="ZipFS"/><EventID>0</EventID><Level>1</Level><Task>0</Task><Keywords>Keywords</Keywords><TimeCreated SystemTime="2025-07-28T02:28:54Z"/><EventRecordID>882656109</EventRecordID><Channel>Application</Channel><Computer>dw0sdwk0001WG</Computer><Security/></System><EventData><Data>Failed to open siteversion.txt. ZipFS setup failed. Error: 0x80070002</Data></EventData></Event><Event><System><Provider Name="ZipFS"/><EventID>0</EventID><Level>1</Level><Task>0</Task><Keywords>Keywords</Keywords><TimeCreated SystemTime="2025-07-28T02:29:27Z"/><EventRecordID>882688796</EventRecordID><Channel>Application</Channel><Computer>dw0sdwk0001WG</Computer><Security/></System><EventData><Data>Failed to open siteversion.txt. ZipFS setup failed. Error: 0x80070002</Data></EventData></Event><Event><System><Provider Name="ZipFS"/><EventID>0</EventID><Level>1</Level><Task>0</Task><Keywords>Keywords</Keywords><TimeCreated SystemTime="2025-07-28T02:29:54Z"/><EventRecordID>882716125</EventRecordID><Channel>Application</Channel><Computer>dw0sdwk0001WG</Computer><Security/></System><EventData><Data>Failed to open siteversion.txt. ZipFS setup failed. Error: 0x80070002</Data></EventData></Event><Event><System><Provider Name="ZipFS"/><EventID>0</EventID><Level>1</Level><Task>0</Task><Keywords>Keywords</Keywords><TimeCreated SystemTime="2025-07-28T02:30:27Z"/><EventRecordID>882748812</EventRecordID><Channel>Application</Channel><Computer>dw0sdwk0001WG</Computer><Security/></System><EventData><Data>Failed to open siteversion.txt. ZipFS setup failed. Error: 0x80070002</Data></EventData></Event><Event><System><Provider Name="ZipFS"/><EventID>0</EventID><Level>1</Level><Task>0</Task><Keywords>Keywords</Keywords><TimeCreated SystemTime="2025-07-28T02:30:54Z"/><EventRecordID>882776125</EventRecordID><Channel>Application</Channel><Computer>dw0sdwk0001WG</Computer><Security/></System><EventData><Data>Failed to open siteversion.txt. ZipFS setup failed. Error: 0x80070002</Data></EventData></Event><Event><System><Provider Name="ZipFS"/><EventID>0</EventID><Level>1</Level><Task>0</Task><Keywords>Keywords</Keywords><TimeCreated SystemTime="2025-07-28T02:31:27Z"/><EventRecordID>882808828</EventRecordID><Channel>Application</Channel><Computer>dw0sdwk0001WG</Computer><Security/></System><EventData><Data>Failed to open siteversion.txt. ZipFS setup failed. Error: 0x80070002</Data></EventData></Event><Event><System><Provider Name="ZipFS"/><EventID>0</EventID><Level>1</Level><Task>0</Task><Keywords>Keywords</Keywords><TimeCreated SystemTime="2025-07-28T02:31:54Z"/><EventRecordID>882836125</EventRecordID><Channel>Application</Channel><Computer>dw0sdwk0001WG</Computer><Security/></System><EventData><Data>Failed to open siteversion.txt. ZipFS setup failed. Error: 0x80070002</Data></EventData></Event><Event><System><Provider Name="ZipFS"/><EventID>0</EventID><Level>1</Level><Task>0</Task><Keywords>Keywords</Keywords><TimeCreated SystemTime="2025-07-28T02:32:27Z"/><EventRecordID>882868828</EventRecordID><Channel>Application</Channel><Computer>dw0sdwk0001WG</Computer><Security/></System><EventData><Data>Failed to open siteversion.txt. ZipFS setup failed. Error: 0x80070002</Data></EventData></Event><Event><System><Provider Name="ZipFS"/><EventID>0</EventID><Level>1</Level><Task>0</Task><Keywords>Keywords</Keywords><TimeCreated SystemTime="2025-07-28T02:32:54Z"/><EventRecordID>882896171</EventRecordID><Channel>Application</Channel><Computer>dw0sdwk0001WG</Computer><Security/></System><EventData><Data>Failed to open siteversion.txt. ZipFS setup failed. Error: 0x80070002</Data></EventData></Event><Event><System><Provider Name="ZipFS"/><EventID>0</EventID><Level>1</Level><Task>0</Task><Keywords>Keywords</Keywords><TimeCreated SystemTime="2025-07-28T02:33:27Z"/><EventRecordID>882928843</EventRecordID><Channel>Application</Channel><Computer>dw0sdwk0001WG</Computer><Security/></System><EventData><Data>Failed to open siteversion.txt. ZipFS setup failed. Error: 0x80070002</Data></EventData></Event><Event><System><Provider Name="ZipFS"/><EventID>0</EventID><Level>1</Level><Task>0</Task><Keywords>Keywords</Keywords><TimeCreated SystemTime="2025-07-28T02:33:54Z"/><EventRecordID>882956187</EventRecordID><Channel>Application</Channel><Computer>dw0sdwk0001WG</Computer><Security/></System><EventData><Data>Failed to open siteversion.txt. ZipFS setup failed. Error: 0x80070002</Data></EventData></Event><Event><System><Provider Name="ZipFS"/><EventID>0</EventID><Level>1</Level><Task>0</Task><Keywords>Keywords</Keywords><TimeCreated SystemTime="2025-07-28T02:34:27Z"/><EventRecordID>882988843</EventRecordID><Channel>Application</Channel><Computer>dw0sdwk0001WG</Computer><Security/></System><EventData><Data>Failed to open siteversion.txt. ZipFS setup failed. Error: 0x80070002</Data></EventData></Event><Event><System><Provider Name="ZipFS"/><EventID>0</EventID><Level>1</Level><Task>0</Task><Keywords>Keywords</Keywords><TimeCreated SystemTime="2025-07-28T02:34:54Z"/><EventRecordID>883016203</EventRecordID><Channel>Application</Channel><Computer>dw0sdwk0001WG</Computer><Security/></System><EventData><Data>Failed to open siteversion.txt. ZipFS setup failed. Error: 0x80070002</Data></EventData></Event><Event><System><Provider Name="ZipFS"/><EventID>0</EventID><Level>1</Level><Task>0</Task><Keywords>Keywords</Keywords><TimeCreated SystemTime="2025-07-28T02:35:27Z"/><EventRecordID>883048859</EventRecordID><Channel>Application</Channel><Computer>dw0sdwk0001WG</Computer><Security/></System><EventData><Data>Failed to open siteversion.txt. ZipFS setup failed. Error: 0x80070002</Data></EventData></Event><Event><System><Provider Name="ZipFS"/><EventID>0</EventID><Level>1</Level><Task>0</Task><Keywords>Keywords</Keywords><TimeCreated SystemTime="2025-07-28T02:35:54Z"/><EventRecordID>883076218</EventRecordID><Channel>Application</Channel><Computer>dw0sdwk0001WG</Computer><Security/></System><EventData><Data>Failed to open siteversion.txt. ZipFS setup failed. Error: 0x80070002</Data></EventData></Event><Event><System><Provider Name="ZipFS"/><EventID>0</EventID><Level>1</Level><Task>0</Task><Keywords>Keywords</Keywords><TimeCreated SystemTime="2025-07-28T02:36:27Z"/><EventRecordID>883108859</EventRecordID><Channel>Application</Channel><Computer>dw0sdwk0001WG</Computer><Security/></System><EventData><Data>Failed to open siteversion.txt. ZipFS setup failed. Error: 0x80070002</Data></EventData></Event><Event><System><Provider Name="ZipFS"/><EventID>0</EventID><Level>1</Level><Task>0</Task><Keywords>Keywords</Keywords><TimeCreated SystemTime="2025-07-28T02:36:54Z"/><EventRecordID>883136218</EventRecordID><Channel>Application</Channel><Computer>dw0sdwk0001WG</Computer><Security/></System><EventData><Data>Failed to open siteversion.txt. ZipFS setup failed. Error: 0x80070002</Data></EventData></Event><Event><System><Provider Name="ZipFS"/><EventID>0</EventID><Level>1</Level><Task>0</Task><Keywords>Keywords</Keywords><TimeCreated SystemTime="2025-07-28T02:37:27Z"/><EventRecordID>883168875</EventRecordID><Channel>Application</Channel><Computer>dw0sdwk0001WG</Computer><Security/></System><EventData><Data>Failed to open siteversion.txt. ZipFS setup failed. Error: 0x80070002</Data></EventData></Event><Event><System><Provider Name="ZipFS"/><EventID>0</EventID><Level>1</Level><Task>0</Task><Keywords>Keywords</Keywords><TimeCreated SystemTime="2025-07-28T02:37:54Z"/><EventRecordID>883196234</EventRecordID><Channel>Application</Channel><Computer>dw0sdwk0001WG</Computer><Security/></System><EventData><Data>Failed to open siteversion.txt. ZipFS setup failed. Error: 0x80070002</Data></EventData></Event><Event><System><Provider Name="ZipFS"/><EventID>0</EventID><Level>1</Level><Task>0</Task><Keywords>Keywords</Keywords><TimeCreated SystemTime="2025-07-28T02:38:27Z"/><EventRecordID>883228890</EventRecordID><Channel>Application</Channel><Computer>dw0sdwk0001WG</Computer><Security/></System><EventData><Data>Failed to open siteversion.txt. ZipFS setup failed. Error: 0x80070002</Data></EventData></Event><Event><System><Provider Name="ZipFS"/><EventID>0</EventID><Level>1</Level><Task>0</Task><Keywords>Keywords</Keywords><TimeCreated SystemTime="2025-07-28T02:38:54Z"/><EventRecordID>883256265</EventRecordID><Channel>Application</Channel><Computer>dw0sdwk0001WG</Computer><Security/></System><EventData><Data>Failed to open siteversion.txt. ZipFS setup failed. Error: 0x80070002</Data></EventData></Event><Event><System><Provider Name="ZipFS"/><EventID>0</EventID><Level>1</Level><Task>0</Task><Keywords>Keywords</Keywords><TimeCreated SystemTime="2025-07-28T02:39:27Z"/><EventRecordID>883288890</EventRecordID><Channel>Application</Channel><Computer>dw0sdwk0001WG</Computer><Security/></System><EventData><Data>Failed to open siteversion.txt. ZipFS setup failed. Error: 0x80070002</Data></EventData></Event><Event><System><Provider Name="ZipFS"/><EventID>0</EventID><Level>1</Level><Task>0</Task><Keywords>Keywords</Keywords><TimeCreated SystemTime="2025-07-28T02:39:54Z"/><EventRecordID>883316281</EventRecordID><Channel>Application</Channel><Computer>dw0sdwk0001WG</Computer><Security/></System><EventData><Data>Failed to open siteversion.txt. ZipFS setup failed. Error: 0x80070002</Data></EventData></Event><Event><System><Provider Name="ZipFS"/><EventID>0</EventID><Level>1</Level><Task>0</Task><Keywords>Keywords</Keywords><TimeCreated SystemTime="2025-07-28T02:40:27Z"/><EventRecordID>883348921</EventRecordID><Channel>Application</Channel><Computer>dw0sdwk0001WG</Computer><Security/></System><EventData><Data>Failed to open siteversion.txt. ZipFS setup failed. Error: 0x80070002</Data></EventData></Event><Event><System><Provider Name="ZipFS"/><EventID>0</EventID><Level>1</Level><Task>0</Task><Keywords>Keywords</Keywords><TimeCreated SystemTime="2025-07-28T02:40:54Z"/><EventRecordID>883376281</EventRecordID><Channel>Application</Channel><Computer>dw0sdwk0001WG</Computer><Security/></System><EventData><Data>Failed to open siteversion.txt. ZipFS setup failed. Error: 0x80070002</Data></EventData></Event><Event><System><Provider Name="ZipFS"/><EventID>0</EventID><Level>1</Level><Task>0</Task><Keywords>Keywords</Keywords><TimeCreated SystemTime="2025-07-28T02:41:27Z"/><EventRecordID>883408921</EventRecordID><Channel>Application</Channel><Computer>dw0sdwk0001WG</Computer><Security/></System><EventData><Data>Failed to open siteversion.txt. ZipFS setup failed. Error: 0x80070002</Data></EventData></Event><Event><System><Provider Name="ZipFS"/><EventID>0</EventID><Level>1</Level><Task>0</Task><Keywords>Keywords</Keywords><TimeCreated SystemTime="2025-07-28T02:41:54Z"/><EventRecordID>883436296</EventRecordID><Channel>Application</Channel><Computer>dw0sdwk0001WG</Computer><Security/></System><EventData><Data>Failed to open siteversion.txt. ZipFS setup failed. Error: 0x80070002</Data></EventData></Event><Event><System><Provider Name="ZipFS"/><EventID>0</EventID><Level>1</Level><Task>0</Task><Keywords>Keywords</Keywords><TimeCreated SystemTime="2025-07-28T02:42:27Z"/><EventRecordID>883468937</EventRecordID><Channel>Application</Channel><Computer>dw0sdwk0001WG</Computer><Security/></System><EventData><Data>Failed to open siteversion.txt. ZipFS setup failed. Error: 0x80070002</Data></EventData></Event><Event><System><Provider Name="ZipFS"/><EventID>0</EventID><Level>1</Level><Task>0</Task><Keywords>Keywords</Keywords><TimeCreated SystemTime="2025-07-28T02:42:54Z"/><EventRecordID>883496296</EventRecordID><Channel>Application</Channel><Computer>dw0sdwk0001WG</Computer><Security/></System><EventData><Data>Failed to open siteversion.txt. ZipFS setup failed. Error: 0x80070002</Data></EventData></Event><Event><System><Provider Name="ZipFS"/><EventID>0</EventID><Level>1</Level><Task>0</Task><Keywords>Keywords</Keywords><TimeCreated SystemTime="2025-07-28T02:43:27Z"/><EventRecordID>883528968</EventRecordID><Channel>Application</Channel><Computer>dw0sdwk0001WG</Computer><Security/></System><EventData><Data>Failed to open siteversion.txt. ZipFS setup failed. Error: 0x80070002</Data></EventData></Event><Event><System><Provider Name="ZipFS"/><EventID>0</EventID><Level>1</Level><Task>0</Task><Keywords>Keywords</Keywords><TimeCreated SystemTime="2025-07-28T02:43:54Z"/><EventRecordID>883556312</EventRecordID><Channel>Application</Channel><Computer>dw0sdwk0001WG</Computer><Security/></System><EventData><Data>Failed to open siteversion.txt. ZipFS setup failed. Error: 0x80070002</Data></EventData></Event><Event><System><Provider Name="ZipFS"/><EventID>0</EventID><Level>1</Level><Task>0</Task><Keywords>Keywords</Keywords><TimeCreated SystemTime="2025-07-28T02:44:27Z"/><EventRecordID>883589328</EventRecordID><Channel>Application</Channel><Computer>dw0sdwk0001WG</Computer><Security/></System><EventData><Data>Failed to open siteversion.txt. ZipFS setup failed. Error: 0x80070002</Data></EventData></Event><Event><System><Provider Name="ZipFS"/><EventID>0</EventID><Level>1</Level><Task>0</Task><Keywords>Keywords</Keywords><TimeCreated SystemTime="2025-07-28T02:44:54Z"/><EventRecordID>883616312</EventRecordID><Channel>Application</Channel><Computer>dw0sdwk0001WG</Computer><Security/></System><EventData><Data>Failed to open siteversion.txt. ZipFS setup failed. Error: 0x80070002</Data></EventData></Event><Event><System><Provider Name="ZipFS"/><EventID>0</EventID><Level>1</Level><Task>0</Task><Keywords>Keywords</Keywords><TimeCreated SystemTime="2025-07-28T02:45:27Z"/><EventRecordID>883649328</EventRecordID><Channel>Application</Channel><Computer>dw0sdwk0001WG</Computer><Security/></System><EventData><Data>Failed to open siteversion.txt. ZipFS setup failed. Error: 0x80070002</Data></EventData></Event><Event><System><Provider Name="ZipFS"/><EventID>0</EventID><Level>1</Level><Task>0</Task><Keywords>Keywords</Keywords><TimeCreated SystemTime="2025-07-28T02:45:54Z"/><EventRecordID>883676312</EventRecordID><Channel>Application</Channel><Computer>dw0sdwk0001WG</Computer><Security/></System><EventData><Data>Failed to open siteversion.txt. ZipFS setup failed. Error: 0x80070002</Data></EventData></Event><Event><System><Provider Name="ZipFS"/><EventID>0</EventID><Level>1</Level><Task>0</Task><Keywords>Keywords</Keywords><TimeCreated SystemTime="2025-07-28T02:46:28Z"/><EventRecordID>883709656</EventRecordID><Channel>Application</Channel><Computer>dw0sdwk0001WG</Computer><Security/></System><EventData><Data>Failed to open siteversion.txt. ZipFS setup failed. Error: 0x80070002</Data></EventData></Event><Event><System><Provider Name="ZipFS"/><EventID>0</EventID><Level>1</Level><Task>0</Task><Keywords>Keywords</Keywords><TimeCreated SystemTime="2025-07-28T02:47:44Z"/><EventRecordID>883785968</EventRecordID><Channel>Application</Channel><Computer>dw0sdwk0001WG</Computer><Security/></System><EventData><Data>Failed to open siteversion.txt. ZipFS setup failed. Error: 0x80070002</Data></EventData></Event><Event><System><Provider Name="ZipFS"/><EventID>0</EventID><Level>1</Level><Task>0</Task><Keywords>Keywords</Keywords><TimeCreated SystemTime="2025-07-28T02:47:48Z"/><EventRecordID>883789937</EventRecordID><Channel>Application</Channel><Computer>dw0sdwk0001WG</Computer><Security/></System><EventData><Data>Failed to open siteversion.txt. ZipFS setup failed. Error: 0x80070002</Data></EventData></Event><Event><System><Provider Name="ZipFS"/><EventID>0</EventID><Level>1</Level><Task>0</Task><Keywords>Keywords</Keywords><TimeCreated SystemTime="2025-07-28T02:48:44Z"/><EventRecordID>883845968</EventRecordID><Channel>Application</Channel><Computer>dw0sdwk0001WG</Computer><Security/></System><EventData><Data>Failed to open siteversion.txt. ZipFS setup failed. Error: 0x80070002</Data></EventData></Event><Event><System><Provider Name="ZipFS"/><EventID>0</EventID><Level>1</Level><Task>0</Task><Keywords>Keywords</Keywords><TimeCreated SystemTime="2025-07-28T02:48:48Z"/><EventRecordID>883849953</EventRecordID><Channel>Application</Channel><Computer>dw0sdwk0001WG</Computer><Security/></System><EventData><Data>Failed to open siteversion.txt. ZipFS setup failed. Error: 0x80070002</Data></EventData></Event><Event><System><Provider Name="ZipFS"/><EventID>0</EventID><Level>1</Level><Task>0</Task><Keywords>Keywords</Keywords><TimeCreated SystemTime="2025-07-28T02:49:44Z"/><EventRecordID>883906625</EventRecordID><Channel>Application</Channel><Computer>dw0sdwk0001WG</Computer><Security/></System><EventData><Data>Failed to open siteversion.txt. ZipFS setup failed. Error: 0x80070002</Data></EventData></Event><Event><System><Provider Name="ZipFS"/><EventID>0</EventID><Level>1</Level><Task>0</Task><Keywords>Keywords</Keywords><TimeCreated SystemTime="2025-07-28T02:49:48Z"/><EventRecordID>883910015</EventRecordID><Channel>Application</Channel><Computer>dw0sdwk0001WG</Computer><Security/></System><EventData><Data>Failed to open siteversion.txt. ZipFS setup failed. Error: 0x80070002</Data></EventData></Event><Event><System><Provider Name="ZipFS"/><EventID>0</EventID><Level>1</Level><Task>0</Task><Keywords>Keywords</Keywords><TimeCreated SystemTime="2025-07-28T02:50:57Z"/><EventRecordID>883978906</EventRecordID><Channel>Application</Channel><Computer>dw0sdwk0001WG</Computer><Security/></System><EventData><Data>Failed to open siteversion.txt. ZipFS setup failed. Error: 0x80070002</Data></EventData></Event><Event><System><Provider Name="ZipFS"/><EventID>0</EventID><Level>1</Level><Task>0</Task><Keywords>Keywords</Keywords><TimeCreated SystemTime="2025-07-28T02:51:26Z"/><EventRecordID>884008218</EventRecordID><Channel>Application</Channel><Computer>dw0sdwk0001WG</Computer><Security/></System><EventData><Data>Failed to open siteversion.txt. ZipFS setup failed. Error: 0x80070002</Data></EventData></Event><Event><System><Provider Name="ZipFS"/><EventID>0</EventID><Level>1</Level><Task>0</Task><Keywords>Keywords</Keywords><TimeCreated SystemTime="2025-07-28T02:51:57Z"/><EventRecordID>884038906</EventRecordID><Channel>Application</Channel><Computer>dw0sdwk0001WG</Computer><Security/></System><EventData><Data>Failed to open siteversion.txt. ZipFS setup failed. Error: 0x80070002</Data></EventData></Event><Event><System><Provider Name="ZipFS"/><EventID>0</EventID><Level>1</Level><Task>0</Task><Keywords>Keywords</Keywords><TimeCreated SystemTime="2025-07-28T02:52:26Z"/><EventRecordID>884068218</EventRecordID><Channel>Application</Channel><Computer>dw0sdwk0001WG</Computer><Security/></System><EventData><Data>Failed to open siteversion.txt. ZipFS setup failed. Error: 0x80070002</Data></EventData></Event><Event><System><Provider Name="ZipFS"/><EventID>0</EventID><Level>1</Level><Task>0</Task><Keywords>Keywords</Keywords><TimeCreated SystemTime="2025-07-28T02:52:57Z"/><EventRecordID>884098906</EventRecordID><Channel>Application</Channel><Computer>dw0sdwk0001WG</Computer><Security/></System><EventData><Data>Failed to open siteversion.txt. ZipFS setup failed. Error: 0x80070002</Data></EventData></Event><Event><System><Provider Name="ZipFS"/><EventID>0</EventID><Level>1</Level><Task>0</Task><Keywords>Keywords</Keywords><TimeCreated SystemTime="2025-07-28T02:53:26Z"/><EventRecordID>884128234</EventRecordID><Channel>Application</Channel><Computer>dw0sdwk0001WG</Computer><Security/></System><EventData><Data>Failed to open siteversion.txt. ZipFS setup failed. Error: 0x80070002</Data></EventData></Event><Event><System><Provider Name="ZipFS"/><EventID>0</EventID><Level>1</Level><Task>0</Task><Keywords>Keywords</Keywords><TimeCreated SystemTime="2025-07-28T02:53:57Z"/><EventRecordID>884158921</EventRecordID><Channel>Application</Channel><Computer>dw0sdwk0001WG</Computer><Security/></System><EventData><Data>Failed to open siteversion.txt. ZipFS setup failed. Error: 0x80070002</Data></EventData></Event><Event><System><Provider Name="ZipFS"/><EventID>0</EventID><Level>1</Level><Task>0</Task><Keywords>Keywords</Keywords><TimeCreated SystemTime="2025-07-28T02:54:26Z"/><EventRecordID>884188250</EventRecordID><Channel>Application</Channel><Computer>dw0sdwk0001WG</Computer><Security/></System><EventData><Data>Failed to open siteversion.txt. ZipFS setup failed. Error: 0x80070002</Data></EventData></Event><Event><System><Provider Name="ZipFS"/><EventID>0</EventID><Level>1</Level><Task>0</Task><Keywords>Keywords</Keywords><TimeCreated SystemTime="2025-07-28T02:54:57Z"/><EventRecordID>884218937</EventRecordID><Channel>Application</Channel><Computer>dw0sdwk0001WG</Computer><Security/></System><EventData><Data>Failed to open siteversion.txt. ZipFS setup failed. Error: 0x80070002</Data></EventData></Event><Event><System><Provider Name="ZipFS"/><EventID>0</EventID><Level>1</Level><Task>0</Task><Keywords>Keywords</Keywords><TimeCreated SystemTime="2025-07-28T02:55:26Z"/><EventRecordID>884248250</EventRecordID><Channel>Application</Channel><Computer>dw0sdwk0001WG</Computer><Security/></System><EventData><Data>Failed to open siteversion.txt. ZipFS setup failed. Error: 0x80070002</Data></EventData></Event><Event><System><Provider Name="ZipFS"/><EventID>0</EventID><Level>1</Level><Task>0</Task><Keywords>Keywords</Keywords><TimeCreated SystemTime="2025-07-28T02:55:57Z"/><EventRecordID>884278937</EventRecordID><Channel>Application</Channel><Computer>dw0sdwk0001WG</Computer><Security/></System><EventData><Data>Failed to open siteversion.txt. ZipFS setup failed. Error: 0x80070002</Data></EventData></Event><Event><System><Provider Name="ZipFS"/><EventID>0</EventID><Level>1</Level><Task>0</Task><Keywords>Keywords</Keywords><TimeCreated SystemTime="2025-07-28T02:56:26Z"/><EventRecordID>884308265</EventRecordID><Channel>Application</Channel><Computer>dw0sdwk0001WG</Computer><Security/></System><EventData><Data>Failed to open siteversion.txt. ZipFS setup failed. Error: 0x80070002</Data></EventData></Event><Event><System><Provider Name="ZipFS"/><EventID>0</EventID><Level>1</Level><Task>0</Task><Keywords>Keywords</Keywords><TimeCreated SystemTime="2025-07-28T02:56:57Z"/><EventRecordID>884338953</EventRecordID><Channel>Application</Channel><Computer>dw0sdwk0001WG</Computer><Security/></System><EventData><Data>Failed to open siteversion.txt. ZipFS setup failed. Error: 0x80070002</Data></EventData></Event><Event><System><Provider Name="ZipFS"/><EventID>0</EventID><Level>1</Level><Task>0</Task><Keywords>Keywords</Keywords><TimeCreated SystemTime="2025-07-28T02:57:26Z"/><EventRecordID>884368265</EventRecordID><Channel>Application</Channel><Computer>dw0sdwk0001WG</Computer><Security/></System><EventData><Data>Failed to open siteversion.txt. ZipFS setup failed. Error: 0x80070002</Data></EventData></Event><Event><System><Provider Name="ZipFS"/><EventID>0</EventID><Level>1</Level><Task>0</Task><Keywords>Keywords</Keywords><TimeCreated SystemTime="2025-07-28T02:57:57Z"/><EventRecordID>884398968</EventRecordID><Channel>Application</Channel><Computer>dw0sdwk0001WG</Computer><Security/></System><EventData><Data>Failed to open siteversion.txt. ZipFS setup failed. Error: 0x80070002</Data></EventData></Event><Event><System><Provider Name="ZipFS"/><EventID>0</EventID><Level>1</Level><Task>0</Task><Keywords>Keywords</Keywords><TimeCreated SystemTime="2025-07-28T02:58:26Z"/><EventRecordID>884428281</EventRecordID><Channel>Application</Channel><Computer>dw0sdwk0001WG</Computer><Security/></System><EventData><Data>Failed to open siteversion.txt. ZipFS setup failed. Error: 0x80070002</Data></EventData></Event><Event><System><Provider Name="ZipFS"/><EventID>0</EventID><Level>1</Level><Task>0</Task><Keywords>Keywords</Keywords><TimeCreated SystemTime="2025-07-28T02:58:57Z"/><EventRecordID>884458968</EventRecordID><Channel>Application</Channel><Computer>dw0sdwk0001WG</Computer><Security/></System><EventData><Data>Failed to open siteversion.txt. ZipFS setup failed. Error: 0x80070002</Data></EventData></Event><Event><System><Provider Name="IIS AspNetCore Module V2"/><EventID>1032</EventID><Level>4</Level><Task>0</Task><Keywords>Keywords</Keywords><TimeCreated SystemTime="2025-07-28T02:59:20Z"/><EventRecordID>884481875</EventRecordID><Channel>Application</Channel><Computer>dw0sdwk0001WG</Computer><Security/></System><EventData><Data>Application 'C:\home\site\wwwroot\' started successfully.</Data><Data>Process Id: 788.</Data><Data>File Version: 16.0.24290.36. Description: IIS ASP.NET Core Module V2 Request Handler. Commit: 64ea4108e7dcf1ca575f8dd2028363b0b1ef6ebc</Data></EventData></Event><Event><System><Provider Name="W3SVC-WP"/><EventID>2303</EventID><Level>2</Level><Task>0</Task><Keywords>Keywords</Keywords><TimeCreated SystemTime="2025-07-28T04:05:24Z"/><EventRecordID>888446453</EventRecordID><Channel>Application</Channel><Computer>dw0sdwk0001WG</Computer><Security/></System><EventData><Data>azure-api-demo123</Data><Binary>02000780</Binary></EventData></Event><Event><System><Provider Name="W3SVC-WP"/><EventID>2303</EventID><Level>2</Level><Task>0</Task><Keywords>Keywords</Keywords><TimeCreated SystemTime="2025-07-28T04:05:24Z"/><EventRecordID>888446484</EventRecordID><Channel>Application</Channel><Computer>dw0sdwk0001WG</Computer><Security/></System><EventData><Data>azure-api-demo123</Data><Binary>02000780</Binary></EventData></Event><Event><System><Provider Name="IIS AspNetCore Module V2"/><EventID>1033</EventID><Level>4</Level><Task>0</Task><Keywords>Keywords</Keywords><TimeCreated SystemTime="2025-07-28T04:05:25Z"/><EventRecordID>888446609</EventRecordID><Channel>Application</Channel><Computer>dw0sdwk0001WG</Computer><Security/></System><EventData><Data>Application 'MACHINE/WEBROOT/APPHOST/AZURE-API-DEMO123' has shutdown.</Data><Data>Process Id: 788.</Data><Data>File Version: 16.0.24290.36. Description: IIS ASP.NET Core Module V2 Request Handler. Commit: 64ea4108e7dcf1ca575f8dd2028363b0b1ef6ebc</Data></EventData></Event><Event><System><Provider Name="IIS AspNetCore Module V2"/><EventID>1032</EventID><Level>4</Level><Task>0</Task><Keywords>Keywords</Keywords><TimeCreated SystemTime="2025-07-28T04:05:28Z"/><EventRecordID>888450140</EventRecordID><Channel>Application</Channel><Computer>dw0sdwk0001WG</Computer><Security/></System><EventData><Data>Application 'C:\home\site\wwwroot\' started successfully.</Data><Data>Process Id: 7096.</Data><Data>File Version: 16.0.24290.36. Description: IIS ASP.NET Core Module V2 Request Handler. Commit: 64ea4108e7dcf1ca575f8dd2028363b0b1ef6ebc</Data></EventData></Event><Event><System><Provider Name="IIS AspNetCore Module V2"/><EventID>1032</EventID><Level>4</Level><Task>0</Task><Keywords>Keywords</Keywords><TimeCreated SystemTime="2025-07-28T04:06:27Z"/><EventRecordID>888509203</EventRecordID><Channel>Application</Channel><Computer>dw0sdwk0001WG</Computer><Security/></System><EventData><Data>Application 'C:\home\site\wwwroot\' started successfully.</Data><Data>Process Id: 5004.</Data><Data>File Version: 16.0.24290.36. Description: IIS ASP.NET Core Module V2 Request Handler. Commit: 64ea4108e7dcf1ca575f8dd2028363b0b1ef6ebc</Data></EventData></Event><Event><System><Provider Name="IIS AspNetCore Module V2"/><EventID>1033</EventID><Level>4</Level><Task>0</Task><Keywords>Keywords</Keywords><TimeCreated SystemTime="2025-07-28T04:06:27Z"/><EventRecordID>888509359</EventRecordID><Channel>Application</Channel><Computer>dw0sdwk0001WG</Computer><Security/></System><EventData><Data>Application 'MACHINE/WEBROOT/APPHOST/AZURE-API-DEMO123' has shutdown.</Data><Data>Process Id: 7096.</Data><Data>File Version: 16.0.24290.36. Description: IIS ASP.NET Core Module V2 Request Handler. Commit: 64ea4108e7dcf1ca575f8dd2028363b0b1ef6ebc</Data></EventData></Event><Event><System><Provider Name="IIS AspNetCore Module V2"/><EventID>1033</EventID><Level>4</Level><Task>0</Task><Keywords>Keywords</Keywords><TimeCreated SystemTime="2025-07-28T04:13:39Z"/><EventRecordID>888941171</EventRecordID><Channel>Application</Channel><Computer>dw0sdwk0001WG</Computer><Security/></System><EventData><Data>Application 'MACHINE/WEBROOT/APPHOST/AZURE-API-DEMO123' has shutdown.</Data><Data>Process Id: 5004.</Data><Data>File Version: 16.0.24290.36. Description: IIS ASP.NET Core Module V2 Request Handler. Commit: 64ea4108e7dcf1ca575f8dd2028363b0b1ef6ebc</Data></EventData></Event><Event><System><Provider Name="IIS AspNetCore Module V2"/><EventID>1032</EventID><Level>4</Level><Task>0</Task><Keywords>Keywords</Keywords><TimeCreated SystemTime="2025-07-28T04:13:52Z"/><EventRecordID>888953984</EventRecordID><Channel>Application</Channel><Computer>dw0sdwk0001WG</Computer><Security/></System><EventData><Data>Application 'C:\home\site\wwwroot\' started successfully.</Data><Data>Process Id: 5276.</Data><Data>File Version: 16.0.24290.36. Description: IIS ASP.NET Core Module V2 Request Handler. Commit: 64ea4108e7dcf1ca575f8dd2028363b0b1ef6ebc</Data></EventData></Event><Event><System><Provider Name="IIS AspNetCore Module V2"/><EventID>1033</EventID><Level>4</Level><Task>0</Task><Keywords>Keywords</Keywords><TimeCreated SystemTime="2025-07-28T04:22:32Z"/><EventRecordID>889474203</EventRecordID><Channel>Application</Channel><Computer>dw0sdwk0001WG</Computer><Security/></System><EventData><Data>Application 'MACHINE/WEBROOT/APPHOST/AZURE-API-DEMO123' has shutdown.</Data><Data>Process Id: 5276.</Data><Data>File Version: 16.0.24290.36. Description: IIS ASP.NET Core Module V2 Request Handler. Commit: 64ea4108e7dcf1ca575f8dd2028363b0b1ef6ebc</Data></EventData></Event><Event><System><Provider Name="IIS AspNetCore Module V2"/><EventID>1032</EventID><Level>4</Level><Task>0</Task><Keywords>Keywords</Keywords><TimeCreated SystemTime="2025-07-28T04:22:33Z"/><EventRecordID>889474875</EventRecordID><Channel>Application</Channel><Computer>dw0sdwk0001WG</Computer><Security/></System><EventData><Data>Application 'C:\home\site\wwwroot\' started successfully.</Data><Data>Process Id: 5416.</Data><Data>File Version: 16.0.24290.36. Description: IIS ASP.NET Core Module V2 Request Handler. Commit: 64ea4108e7dcf1ca575f8dd2028363b0b1ef6ebc</Data></EventData></Event></Events>