<step title="Incoming Request" date="2025-07-28T02:58:54.802" instance="42e820" url="/api/zipdeploy?isAsync=true&amp;deployer=GITHUB_ZIP_DEPLOY&amp;message=%7B%22type%22%3A%22deployment%22%2C%22sha%22%3A%2211215c6c9cb1263eadf02385d982face89a253cf%22%2C%22repoName%22%3A%22Bobtine%2FHelloCloud%22%2C%22actor%22%3A%22Bobtine%22%2C%22slotName%22%3A%22production%22%2C%22commitMessage%22%3A%22Test%22%7D" method="POST" type="request" pid="5428,2,15" Transfer-Encoding="chunked" Content-Type="application/octet-stream" Authorization="Bea..." Cookie="ARRAffinity=42e8203987079e045960877a50253c48e2f6dc9f75d11b2631f41c40fd2dcbd3;Path=/;HttpOnly;Secure;Domain=azure-api-demo123.scm.azurewebsites.net; ARRAffinitySameSite=42e8203987079e045960877a50253c48e2f6dc9f75d11b2631f41c40fd2dcbd3;Path=/;HttpOnly;SameSite=None;Secure;Domain=azure-api-demo123.scm.azurewebsites.net" Host="azure-api-demo123.scm.azurewebsites.net" User-Agent="GITHUBACTIONS_DeployWebAppToAzure_474a16d90e9c84f9211c2ff760efc9239b67b285ca2184a2de01b402548a928a" X-ARR-LOG-ID="14a795eb-78fc-4f1c-9144-8e38e077b748" CLIENT-IP="68.154.117.32:21504" X-SITE-DEPLOYMENT-ID="azure-api-demo123" WAS-DEFAULT-HOSTNAME="azure-api-demo123.scm.azurewebsites.net" X-Forwarded-Proto="https" X-AppService-Proto="https" X-Forwarded-TlsVersion="1.3" X-WAWS-Unencoded-URL="/api/zipdeploy?isAsync=true&amp;deployer=GITHUB_ZIP_DEPLOY&amp;message=%7B%22type%22%3A%22deployment%22%2C%22sha%22%3A%2211215c6c9cb1263eadf02385d982face89a253cf%22%2C%22repoName%22%3A%22Bobtine%2FHelloCloud%22%2C%22actor%22%3A%22Bobtine%22%2C%22slotName%22%3A%22production%22%2C%22commitMessage%22%3A%22Test%22%7D" >
  <step title="ZipPushDeploy" date="2025-07-28T02:58:55.165" >
    <step title="ZipDeploy. Run from package." date="2025-07-28T02:58:55.256" /><!-- duration: 0ms -->
    <step title="Starting PushDeployAsync" date="2025-07-28T02:58:55.276" /><!-- duration: 0ms -->
    <step title="Updating shutdown sentinel last write time" date="2025-07-28T02:58:55.635" SemaphoreCount="7" /><!-- duration: 0ms -->
    <step title="LockFile &apos;C:\home\site\locks\deployments.lock&apos; acquired" date="2025-07-28T02:58:55.646" /><!-- duration: 0ms -->
    <step title="Saving request content to C:\home\data\SitePackages\20250728025855.zip" date="2025-07-28T02:58:55.665" >
      <step title="Total 7,690,273 bytes written to C:\home\data\SitePackages\20250728025855.zip" date="2025-07-28T02:58:55.943" /><!-- duration: 0ms -->
    </step><!-- duration: 372ms -->
    <step title="LockFile &apos;C:\home\site\locks\deployments.lock&apos; released" date="2025-07-28T02:58:56.037" /><!-- duration: 0ms -->
    <step title="Deleting shutdown sentinel file" date="2025-07-28T02:58:56.052" SemaphoreCount="8" /><!-- duration: 0ms -->
    <step title="Starting FetchDeploy" date="2025-07-28T02:58:56.068" /><!-- duration: 0ms -->
    <step title="Start deployment in the background" date="2025-07-28T02:58:56.088" /><!-- duration: 558ms -->
  </step><!-- duration: 1483ms -->
  <step title="Outgoing response" date="2025-07-28T02:58:56.648" type="response" statusCode="202" statusText="Accepted" Server="Microsoft-IIS/10.0" x-ms-request-id="14a795eb-78fc-4f1c-9144-8e38e077b748" Retry-After="30" Cache-Control="private" X-AspNet-Version="4.0.30319" Location="https://azure-api-demo123.scm.azurewebsites.net/api/deployments/latest?deployer=GITHUB_ZIP_DEPLOY&amp;time=2025-07-28_02-58-56Z" /><!-- duration: 0ms -->
</step><!-- duration: 1846ms -->
