<step title="Incoming Request" date="2025-07-28T04:22:17.977" instance="42e820" url="/api/zipdeploy?isAsync=true&amp;deployer=GITHUB_ZIP_DEPLOY&amp;message=%7B%22type%22%3A%22deployment%22%2C%22sha%22%3A%223349fb43293b3ec4a446e6425be11fc1ab532a8a%22%2C%22repoName%22%3A%22Bobtine%2FHelloCloud%22%2C%22actor%22%3A%22Bobtine%22%2C%22slotName%22%3A%22production%22%2C%22commitMessage%22%3A%22test%201%22%7D" method="POST" type="request" pid="3124,2,13" Transfer-Encoding="chunked" Content-Type="application/octet-stream" Authorization="Bea..." Cookie="ARRAffinity=42e8203987079e045960877a50253c48e2f6dc9f75d11b2631f41c40fd2dcbd3;Path=/;HttpOnly;Secure;Domain=azure-api-demo123.scm.azurewebsites.net; ARRAffinitySameSite=42e8203987079e045960877a50253c48e2f6dc9f75d11b2631f41c40fd2dcbd3;Path=/;HttpOnly;SameSite=None;Secure;Domain=azure-api-demo123.scm.azurewebsites.net" Host="azure-api-demo123.scm.azurewebsites.net" User-Agent="GITHUBACTIONS_DeployWebAppToAzure_474a16d90e9c84f9211c2ff760efc9239b67b285ca2184a2de01b402548a928a" X-ARR-LOG-ID="93f0c2cf-6cf3-4e9a-a5fa-5f0399edde17" CLIENT-IP="20.81.159.112:27648" X-SITE-DEPLOYMENT-ID="azure-api-demo123" WAS-DEFAULT-HOSTNAME="azure-api-demo123.scm.azurewebsites.net" X-Forwarded-Proto="https" X-AppService-Proto="https" X-Forwarded-TlsVersion="1.3" X-WAWS-Unencoded-URL="/api/zipdeploy?isAsync=true&amp;deployer=GITHUB_ZIP_DEPLOY&amp;message=%7B%22type%22%3A%22deployment%22%2C%22sha%22%3A%223349fb43293b3ec4a446e6425be11fc1ab532a8a%22%2C%22repoName%22%3A%22Bobtine%2FHelloCloud%22%2C%22actor%22%3A%22Bobtine%22%2C%22slotName%22%3A%22production%22%2C%22commitMessage%22%3A%22test%201%22%7D" >
  <step title="ZipPushDeploy" date="2025-07-28T04:22:18.199" >
    <step title="ZipDeploy. Run from package." date="2025-07-28T04:22:18.211" /><!-- duration: 0ms -->
    <step title="Starting PushDeployAsync" date="2025-07-28T04:22:18.229" /><!-- duration: 0ms -->
    <step title="Updating shutdown sentinel last write time" date="2025-07-28T04:22:18.290" SemaphoreCount="7" /><!-- duration: 0ms -->
    <step title="LockFile &apos;C:\home\site\locks\deployments.lock&apos; acquired" date="2025-07-28T04:22:18.290" /><!-- duration: 0ms -->
    <step title="Saving request content to C:\home\data\SitePackages\20250728042218.zip" date="2025-07-28T04:22:18.321" >
      <step title="Total 7,690,426 bytes written to C:\home\data\SitePackages\20250728042218.zip" date="2025-07-28T04:22:18.666" /><!-- duration: 0ms -->
    </step><!-- duration: 422ms -->
    <step title="LockFile &apos;C:\home\site\locks\deployments.lock&apos; released" date="2025-07-28T04:22:18.743" /><!-- duration: 16ms -->
    <step title="Deleting shutdown sentinel file" date="2025-07-28T04:22:18.759" SemaphoreCount="8" /><!-- duration: 0ms -->
    <step title="Starting FetchDeploy" date="2025-07-28T04:22:18.779" /><!-- duration: 0ms -->
    <step title="Start deployment in the background" date="2025-07-28T04:22:18.779" /><!-- duration: 126ms -->
  </step><!-- duration: 736ms -->
  <step title="Outgoing response" date="2025-07-28T04:22:18.983" type="response" statusCode="202" statusText="Accepted" Server="Microsoft-IIS/10.0" x-ms-request-id="93f0c2cf-6cf3-4e9a-a5fa-5f0399edde17" Retry-After="30" Cache-Control="private" X-AspNet-Version="4.0.30319" Location="https://azure-api-demo123.scm.azurewebsites.net/api/deployments/latest?deployer=GITHUB_ZIP_DEPLOY&amp;time=2025-07-28_04-22-18Z" /><!-- duration: 19ms -->
</step><!-- duration: 1036ms -->
