<step title="BackgroundTrace" date="2025-07-28T04:22:18.779" instance="42e820" url="/api/zipdeploy" method="POST" >
  <step title="Updating shutdown sentinel last write time" date="2025-07-28T04:22:18.825" SemaphoreCount="7" /><!-- duration: 0ms -->
  <step title="LockFile &apos;C:\home\site\locks\deployments.lock&apos; acquired" date="2025-07-28T04:22:18.825" /><!-- duration: 16ms -->
  <step title="Creating temporary deployment" date="2025-07-28T04:22:18.841" /><!-- duration: 46ms -->
  <step title="Performing fetch based deployment" date="2025-07-28T04:22:18.904" >
    <step title="Fetching changes." date="2025-07-28T04:22:19.122" /><!-- duration: 17ms -->
    <step title="Starting LocalZipHandler" date="2025-07-28T04:22:19.160" /><!-- duration: 10ms -->
    <step title="Starting ExtractTriggers" date="2025-07-28T04:22:19.200" /><!-- duration: 19ms -->
    <step title="Before sending BuildRequestReceived status to /api/updatedeploystatus" date="2025-07-28T04:22:19.250" /><!-- duration: 13ms -->
    <step title="DeploymentManager.Deploy(id:478d467259ec421aa2f07286fa55c0d0)" date="2025-07-28T04:22:19.280" >
      <step title="Collecting changeset information" date="2025-07-28T04:22:19.310" /><!-- duration: 298ms -->
      <step title="Updating submodules" date="2025-07-28T04:22:19.608" >
        <step title="Updating submodules." date="2025-07-28T04:22:19.669" /><!-- duration: 0ms -->
      </step><!-- duration: 61ms -->
      <step title="Preparing deployment for commit id &apos;478d467259&apos;." date="2025-07-28T04:22:19.732" /><!-- duration: 0ms -->
      <step title="Determining deployment builder" date="2025-07-28T04:22:19.763" >
        <step title="Builder is RunFromZipSiteBuilder" date="2025-07-28T04:22:19.763" /><!-- duration: 0ms -->
      </step><!-- duration: 20ms -->
      <step title="Copying SSH keys" date="2025-07-28T04:22:19.794" /><!-- duration: 0ms -->
      <step title="Building" date="2025-07-28T04:22:19.813" >
        <step title="Skipping build. Project type: Run-From-Zip" date="2025-07-28T04:22:19.857" /><!-- duration: 0ms -->
        <step title="Skipping post build. Project type: Run-From-Zip" date="2025-07-28T04:22:19.888" /><!-- duration: 0ms -->
        <step title="Triggering recycle (preview mode disabled)." date="2025-07-28T04:22:19.919" /><!-- duration: 0ms -->
        <step title="Ignoring FS watcher based recycle request as this is a classic Windows app." date="2025-07-28T04:22:19.935" /><!-- duration: 0ms -->
        <step title="Deployment successful. DEPLOYMENTINFO: deploymentPath = ZipDeploy. Run from package., deployer = GITHUB_ZIP_DEPLOY, os = windows, sku = Basic, siteName = azure-api-demo123, siteHostName = azure-api-demo123.azurewebsites.net, deploymentStatus = Success" date="2025-07-28T04:22:19.953" /><!-- duration: 13ms -->
      </step><!-- duration: 231ms -->
    </step><!-- duration: 764ms -->
    <step title="Cleaning up temp files" date="2025-07-28T04:22:20.060" /><!-- duration: 16ms -->
    <step title="Updating C:\home\data\SitePackages\packagename.txt with deployment 20250728042218.zip" date="2025-07-28T04:22:20.094" /><!-- duration: 91ms -->
    <step title="Skip function trigger and logicapp sync because function is not enabled." date="2025-07-28T04:22:20.185" /><!-- duration: 20ms -->
  </step><!-- duration: 1327ms -->
  <step title="LockFile &apos;C:\home\site\locks\deployments.lock&apos; released" date="2025-07-28T04:22:20.232" /><!-- duration: 0ms -->
  <step title="Deleting shutdown sentinel file" date="2025-07-28T04:22:20.247" SemaphoreCount="8" /><!-- duration: 0ms -->
</step><!-- duration: 1469ms -->
