<step title="BackgroundTrace" date="2025-07-28T02:58:56.099" instance="42e820" url="/api/zipdeploy" method="POST" >
  <step title="Updating shutdown sentinel last write time" date="2025-07-28T02:58:56.177" SemaphoreCount="7" /><!-- duration: 0ms -->
  <step title="LockFile &apos;C:\home\site\locks\deployments.lock&apos; acquired" date="2025-07-28T02:58:56.193" /><!-- duration: 0ms -->
  <step title="Creating temporary deployment" date="2025-07-28T02:58:56.193" /><!-- duration: 125ms -->
  <step title="Performing fetch based deployment" date="2025-07-28T02:58:56.333" >
    <step title="Fetching changes." date="2025-07-28T02:58:56.474" /><!-- duration: 16ms -->
    <step title="Starting LocalZipHandler" date="2025-07-28T02:58:56.489" /><!-- duration: 0ms -->
    <step title="Starting ExtractTriggers" date="2025-07-28T02:58:56.521" /><!-- duration: 19ms -->
    <step title="Before sending BuildRequestReceived status to /api/updatedeploystatus" date="2025-07-28T02:58:56.679" /><!-- duration: 16ms -->
    <step title="DeploymentManager.Deploy(id:de23ef83087b422d8072ab90bca721cc)" date="2025-07-28T02:58:56.696" >
      <step title="Collecting changeset information" date="2025-07-28T02:58:56.757" /><!-- duration: 79ms -->
      <step title="Updating submodules" date="2025-07-28T02:58:56.851" >
        <step title="Updating submodules." date="2025-07-28T02:58:56.887" /><!-- duration: 0ms -->
      </step><!-- duration: 36ms -->
      <step title="Preparing deployment for commit id &apos;de23ef8308&apos;." date="2025-07-28T02:58:56.947" /><!-- duration: 0ms -->
      <step title="Determining deployment builder" date="2025-07-28T02:58:56.992" >
        <step title="Builder is RunFromZipSiteBuilder" date="2025-07-28T02:58:57.008" /><!-- duration: 0ms -->
      </step><!-- duration: 16ms -->
      <step title="Copying SSH keys" date="2025-07-28T02:58:57.028" /><!-- duration: 11ms -->
      <step title="Building" date="2025-07-28T02:58:57.039" >
        <step title="Skipping build. Project type: Run-From-Zip" date="2025-07-28T02:58:57.118" /><!-- duration: 15ms -->
        <step title="Skipping post build. Project type: Run-From-Zip" date="2025-07-28T02:58:57.179" /><!-- duration: 0ms -->
        <step title="Triggering recycle (preview mode disabled)." date="2025-07-28T02:58:57.211" /><!-- duration: 0ms -->
        <step title="Ignoring FS watcher based recycle request as this is a classic Windows app." date="2025-07-28T02:58:57.211" /><!-- duration: 0ms -->
        <step title="Deployment successful. DEPLOYMENTINFO: deploymentPath = ZipDeploy. Run from package., deployer = GITHUB_ZIP_DEPLOY, os = windows, sku = Basic, siteName = azure-api-demo123, siteHostName = azure-api-demo123.azurewebsites.net, deploymentStatus = Success" date="2025-07-28T02:58:57.304" /><!-- duration: 0ms -->
      </step><!-- duration: 656ms -->
    </step><!-- duration: 999ms -->
    <step title="Cleaning up temp files" date="2025-07-28T02:58:57.695" /><!-- duration: 16ms -->
    <step title="Updating C:\home\data\SitePackages\packagename.txt with deployment 20250728025855.zip" date="2025-07-28T02:58:57.711" /><!-- duration: 94ms -->
    <step title="Skip function trigger and logicapp sync because function is not enabled." date="2025-07-28T02:58:57.820" /><!-- duration: 16ms -->
  </step><!-- duration: 1598ms -->
  <step title="LockFile &apos;C:\home\site\locks\deployments.lock&apos; released" date="2025-07-28T02:58:57.931" /><!-- duration: 14ms -->
  <step title="Deleting shutdown sentinel file" date="2025-07-28T02:58:57.945" SemaphoreCount="8" /><!-- duration: 0ms -->
</step><!-- duration: 1846ms -->
