﻿<?xml version="1.0" encoding="utf-8"?>
<deployment>
  <id>de23ef83087b422d8072ab90bca721cc</id>
  <author>N/A</author>
  <deployer>GITHUB_ZIP_DEPLOY</deployer>
  <authorEmail>N/A</authorEmail>
  <message>{"type":"deployment","sha":"11215c6c9cb1263eadf02385d982face89a253cf","repoName":"Bobtine/HelloCloud","actor":"Bobtine","slotName":"production","commitMessage":"Test"}</message>
  <progress></progress>
  <status>Success</status>
  <statusText></statusText>
  <lastSuccessEndTime>2025-07-28T02:58:57.3205075Z</lastSuccessEndTime>
  <receivedTime>2025-07-28T02:58:56.8070437Z</receivedTime>
  <startTime>2025-07-28T02:58:56.9611244Z</startTime>
  <endTime>2025-07-28T02:58:57.3205075Z</endTime>
  <complete>True</complete>
  <is_temp>False</is_temp>
  <is_readonly>True</is_readonly>
  <project_type>Run-From-Zip</project_type>
  <vsproject_id></vsproject_id>
</deployment>