﻿<?xml version="1.0" encoding="utf-8"?>
<deployment>
  <id>478d467259ec421aa2f07286fa55c0d0</id>
  <author>N/A</author>
  <deployer>GITHUB_ZIP_DEPLOY</deployer>
  <authorEmail>N/A</authorEmail>
  <message>{"type":"deployment","sha":"3349fb43293b3ec4a446e6425be11fc1ab532a8a","repoName":"Bobtine/HelloCloud","actor":"Bobtine","slotName":"production","commitMessage":"test 1"}</message>
  <progress></progress>
  <status>Success</status>
  <statusText></statusText>
  <lastSuccessEndTime>2025-07-28T04:22:19.9665435Z</lastSuccessEndTime>
  <receivedTime>2025-07-28T04:22:19.5916195Z</receivedTime>
  <startTime>2025-07-28T04:22:19.7477894Z</startTime>
  <endTime>2025-07-28T04:22:19.9665435Z</endTime>
  <complete>True</complete>
  <is_temp>False</is_temp>
  <is_readonly>True</is_readonly>
  <project_type>Run-From-Zip</project_type>
  <vsproject_id></vsproject_id>
</deployment>