{"TimeStamp":"2025-07-28T04:22:20Z","SiteName":"azure-api-demo123","RequestId":"93f0c2cf-6cf3-4e9a-a5fa-5f0399edde17","Kind":"GITHUB_ZIP_DEPLOY","Status":"Success","Details":"{\"Id\":\"478d467259ec421aa2f07286fa55c0d0\",\"Status\":4,\"StatusText\":\"\",\"AuthorEmail\":\"N/A\",\"Author\":\"N/A\",\"Message\":\"{\\\"type\\\":\\\"deployment\\\",\\\"sha\\\":\\\"3349fb43293b3ec4a446e6425be11fc1ab532a8a\\\",\\\"repoName\\\":\\\"Bobtine/HelloCloud\\\",\\\"actor\\\":\\\"Bobtine\\\",\\\"slotName\\\":\\\"production\\\",\\\"commitMessage\\\":\\\"test 1\\\"}\",\"Progress\":\"\",\"Deployer\":\"GITHUB_ZIP_DEPLOY\",\"ReceivedTime\":\"2025-07-28T04:22:19.5916195Z\",\"StartTime\":\"2025-07-28T04:22:19.7477894Z\",\"EndTime\":\"2025-07-28T04:22:19.9665435Z\",\"LastSuccessEndTime\":\"2025-07-28T04:22:19.9665435Z\",\"Complete\":true,\"IsTemporary\":false,\"IsReadOnly\":true,\"SiteName\":\"azure-api-demo123\",\"HostName\":\"azure-api-demo123.scm.azurewebsites.net\",\"ProjectType\":\"Run-From-Zip\",\"VsProjectId\":null}"}